city,team
Atlanta,falcons
Buffalo,buffalobills
Charlotte,panthers
Cleveland,Browns
Dallas,cowboys
Denver,DenverBroncos
Detroit,detroitlions
GreenBay,GreenBayPackers
LosAngeles,Chargers
LosAngeles,LosAngelesRams
Miami,miamidolphins
Minneapolis,minnesotavikings
NewOrleans,Saints
Seattle,Seahawks
boston,Patriots
chicago,CHIBears
cincinnati,bengals
houston,Texans
indianapolis,Colts
kansascity,KansasCityChiefs
nashville,Tennesseetitans
nyc,NYGiants
nyc,nyjets
oakland,oaklandraiders
philadelphia,eagles
phoenix,AZCardinals
pittsburgh,steelers
sanfrancisco,49ers
tampa,buccaneers
washingtondc,Redskins